<?xml version="1.0" encoding="UTF-8"?>
<!DOCTYPE generatorConfiguration
  PUBLIC "-//mybatis.org//DTD MyBatis Generator Configuration 1.0//EN"
  "http://mybatis.org/dtd/mybatis-generator-config_1_0.dtd">

<generatorConfiguration>
	<context id="caigouTables" targetRuntime="MyBatis3">
		<commentGenerator>
			<!-- 是否去除自动生成的注释 true：是 ： false:否 -->
			<property name="suppressAllComments" value="true" />
		</commentGenerator>
		<!--数据库连接的信息：驱动类、连接地址、用户名、密码 -->
		<!-- <jdbcConnection driverClass="com.mysql.jdbc.Driver"
			connectionURL="jdbc:mysql://localhost:3306/mybatis" userId="root"
			password="mysql">
		</jdbcConnection> -->
		<jdbcConnection driverClass="oracle.jdbc.OracleDriver"
			connectionURL="jdbc:oracle:thin:@127.0.0.1:1521:yycg" 
			userId="yycg"
			password="yycg">
		</jdbcConnection>

		<!-- 默认false，把JDBC DECIMAL 和 NUMERIC 类型解析为 Integer true，把JDBC DECIMAL 和 
			NUMERIC 类型解析为java.math.BigDecimal -->
		<javaTypeResolver>
			<property name="forceBigDecimals" value="false" />
		</javaTypeResolver>

		<!-- targetProject:生成PO类的位置 -->
		<javaModelGenerator targetPackage="yycg.base.pojo.po"
			targetProject=".\src">
			<!-- enableSubPackages:是否让schema作为包的后缀 -->
			<property name="enableSubPackages" value="false" />
			<!-- 从数据库返回的值被清理前后的空格 -->
			<property name="trimStrings" value="true" />
		</javaModelGenerator>
        <!-- targetPackage:mapper映射文件生成的位置 -->
		<sqlMapGenerator targetPackage="yycg.base.dao.mapper" 
			targetProject=".\src">
			<property name="enableSubPackages" value="false" />
		</sqlMapGenerator>
		<!-- targetPackage：mapper接口的生成位置 -->
		<javaClientGenerator type="XMLMAPPER"
			targetPackage="yycg.base.dao.mapper" 
			targetProject=".\src">
			<property name="enableSubPackages" value="false" />
		</javaClientGenerator>
		
		<!-- 指定表 -->
		<!-- <table schema="" tableName="sysuser" /> -->
		
		<!-- 系统用户
		这里不指定schema，逆向工程会查询sysuser都有哪些schema，对每个schema生成对象
		 -->
		<!-- <table schema="yycg" tableName="sysuser" /> -->
		<!-- 监督单位 -->
		<table schema="" tableName="userjd" />
		<!-- 供应商 -->
		<table schema="" tableName="usergys" />
		<table schema="" tableName="usergysarea" />
		<!-- 医院 -->
		<table schema="" tableName="useryy" />
		<!-- 数据字典 -->
		<table schema="" tableName="dictinfo" />
		<table schema="" tableName="dicttype" />
		<!-- 系统参数 -->
		<table schema="" tableName="basicinfo" />
		<!-- 区域表 -->
		<table schema="" tableName="bss_sys_area" />
		

	</context>
</generatorConfiguration>
